{
    "swagger": "2.0",
    "info": {
        "version": "0.0.1",
        "title": "MOJALOOP Central Settlements",
        "description": "Mojaloop API for Settlements."
    },
    "host": "127.0.0.1:8080",
    "basePath": "/v1",
    "schemes": [
        "http"
    ],
    "paths": {
        "/settlementWindows/{settlementWindowId}": {
            "get": {
                "produces": [
                    "application/json"
                ],
                "deprecated": false,
                "summary": "Returns a Settlement Window as per Settlement Window Id.",
                "operationId": "getSettlementWindowById",
                "parameters": [
                    {
                        "in": "path",
                        "name": "settlementWindowId",
                        "required": true,
                        "type": "integer",
                        "description": "A valid settlement window Id to be supplied in the query.\n"
                    }
                ],
                "tags": [
                    "settlementWindowById"
                ],
                "responses": {
                    "200": {
                        "description": "A settlement window's data returned.",
                        "schema": {
                            "$ref": "#/definitions/SettlementWindows"
                        }
                    },
                    "400": {
                        "description": "Bad request.",
                        "schema": {
                            "$ref": "#/definitions/ErrorCode400"
                        }
                    },
                    "401": {
                        "description": "Authorisation information is missing or invalid.",
                        "schema": {
                            "$ref": "#/definitions/ErrorCode401"
                        }
                    },
                    "404": {
                        "description": "No data found.",
                        "schema": {
                            "$ref": "#/definitions/ErrorCode404"
                        }
                    },
                    "415": {
                        "description": "Unsupported Media Type",
                        "schema": {
                            "$ref": "#/definitions/ErrorCode415"
                        }
                    },
                    "default": {
                        "description": "Unexpected error",
                        "schema": {
                            "$ref": "#/definitions/Error"
                        }
                    }
                }
            },
            "post": {
                "produces": [
                    "application/json"
                ],
                "consumes": [
                    "application/json"
                ],
                "deprecated": false,
                "summary": "If the settlementWindow is open, it can be closed and a new window created. If it is already closed, return an error message. Returns the new settlement window.",
                "operationId": "closeSettlementWindow",
                "parameters": [
                    {
                        "in": "path",
                        "name": "settlementWindowId",
                        "required": true,
                        "type": "integer"
                    },
                    {
                        "in": "body",
                        "name": "settlementWindowClosurePayload",
                        "description": "A JSON object containing settlement window closure info.",
                        "schema": {
                            "$ref": "#/definitions/SettlementWindowClosurePayload"
                        },
                        "required": true
                    }
                ],
                "tags": [
                    "settlementWindowClose"
                ],
                "responses": {
                    "200": {
                        "description": "Settlement window closed and new window opened.",
                        "schema": {
                            "$ref": "#/definitions/SettlementWindow"
                        }
                    },
                    "400": {
                        "description": "Bad request.",
                        "schema": {
                            "$ref": "#/definitions/ErrorCode400"
                        }
                    },
                    "401": {
                        "description": "Authorisation information is missing or invalid.",
                        "schema": {
                            "$ref": "#/definitions/ErrorCode401"
                        }
                    },
                    "404": {
                        "description": "No data found.",
                        "schema": {
                            "$ref": "#/definitions/ErrorCode404"
                        }
                    },
                    "415": {
                        "description": "Unsupported Media Type.",
                        "schema": {
                            "$ref": "#/definitions/ErrorCode415"
                        }
                    },
                    "default": {
                        "description": "Unexpected error",
                        "schema": {
                            "$ref": "#/definitions/Error"
                        }
                    }
                }
            }
        },
        "/settlementWindows": {
            "get": {
                "produces": [
                    "application/json"
                ],
                "deprecated": false,
                "summary": "Returns a Settlement Window(s) as per parameter(s).",
                "operationId": "getSettlementWindowByParams",
                "parameters": [
                    {
                        "in": "query",
                        "name": "id",
                        "type": "integer",
                        "description": "A valid participant Id to filter on.\n",
                        "required": false
                    },
                    {
                        "in": "query",
                        "name": "state",
                        "type": "string",
                        "enum": [
                            "open",
                            "closed"
                        ],
                        "description": "A settlement window state (open or closed) to filter on.  \n",
                        "required": false
                    },
                    {
                        "in": "query",
                        "name": "fromDateTime",
                        "type": "string",
                        "format": "date-time",
                        "description": "The start date for query (relates to central-ledger.settlementWindow.createdDate). Can be used together with `toDateTime'. eg 2017-07-20T17:32:28Z\n",
                        "required": false
                    },
                    {
                        "in": "query",
                        "name": "toDateTime",
                        "type": "string",
                        "format": "date-time",
                        "description": "The end date for query (relates to central-ledger.settlementWindow.createdDate). Can be used together with `fromDateTime'. eg 2017-07-21T17:32:28Z\n",
                        "required": false
                    }
                ],
                "tags": [
                    "SettlementWindowByParams"
                ],
                "responses": {
                    "200": {
                        "description": "Settlement window(s) returned by the filtering parameters.",
                        "schema": {
                            "$ref": "#/definitions/SettlementWindows"
                        }
                    },
                    "400": {
                        "description": "Bad request.",
                        "schema": {
                            "$ref": "#/definitions/ErrorCode400"
                        }
                    },
                    "401": {
                        "description": "Authorisation information is missing or invalid.",
                        "schema": {
                            "$ref": "#/definitions/ErrorCode401"
                        }
                    },
                    "404": {
                        "description": "No data found.",
                        "schema": {
                            "$ref": "#/definitions/ErrorCode404"
                        }
                    },
                    "415": {
                        "description": "Unsupported Media Type.",
                        "schema": {
                            "$ref": "#/definitions/ErrorCode415"
                        }
                    },
                    "default": {
                        "description": "Unexpected error",
                        "schema": {
                            "$ref": "#/definitions/Error"
                        }
                    }
                }
            }
        },
        "/settlements": {
            "get": {
                "produces": [
                    "application/json"
                ],
                "deprecated": false,
                "summary": "Returns Settlement(s) as per parameter(s).",
                "operationId": "getSettlementsByParams",
                "parameters": [
                    {
                        "in": "query",
                        "name": "id",
                        "type": "integer",
                        "description": "A valid participant Id to filter on.\n",
                        "required": false
                    },
                    {
                        "in": "query",
                        "name": "settlementWindowId",
                        "type": "number",
                        "description": "A valid Settlement Window Id to filter on.\n",
                        "required": false
                    },
                    {
                        "in": "query",
                        "name": "ledgerId",
                        "type": "number",
                        "description": "A valid Ledger Window Id to filter on.\n",
                        "required": false
                    },
                    {
                        "in": "query",
                        "name": "state",
                        "type": "string",
                        "enum": [
                            "open",
                            "closed"
                        ],
                        "description": "A settlement window state (open or closed) to filter on.  \n",
                        "required": false
                    },
                    {
                        "in": "query",
                        "name": "fromDateTime",
                        "type": "string",
                        "format": "date-time",
                        "description": "The start date for query (relates to central-ledger.settlementWindow.createdDate). Can be used together with `toDateTime'. eg 2017-07-20T17:32:28Z\n",
                        "required": false
                    },
                    {
                        "in": "query",
                        "name": "toDateTime",
                        "type": "string",
                        "format": "date-time",
                        "description": "The end date for query (relates to central-ledger.settlementWindow.createdDate). Can be used together with `fromDateTime'. eg 2017-07-21T17:32:28Z\n",
                        "required": false
                    }
                ],
                "tags": [
                    "SettlementsByParams"
                ],
                "responses": {
                    "200": {
                        "description": "Settlement window(s) returned by the filtering parameters.",
                        "schema": {
                            "$ref": "#/definitions/Settlements"
                        }
                    },
                    "400": {
                        "description": "Bad request.",
                        "schema": {
                            "$ref": "#/definitions/ErrorCode400"
                        }
                    },
                    "401": {
                        "description": "Authorisation information is missing or invalid.",
                        "schema": {
                            "$ref": "#/definitions/ErrorCode401"
                        }
                    },
                    "404": {
                        "description": "No data found.",
                        "schema": {
                            "$ref": "#/definitions/ErrorCode404"
                        }
                    },
                    "415": {
                        "description": "Unsupported Media Type.",
                        "schema": {
                            "$ref": "#/definitions/ErrorCode415"
                        }
                    },
                    "default": {
                        "description": "Unexpected error",
                        "schema": {
                            "$ref": "#/definitions/Error"
                        }
                    }
                }
            }
        },
        "/settlements/{settlementId}/participants/{participantId}/accounts/{accountId}": {
            "get": {
                "produces": [
                    "application/json"
                ],
                "deprecated": false,
                "summary": "Returns Settlement(s) as per filter criteria.",
                "operationId": "getSettlementsBySettlementParticipantAccounts",
                "parameters": [
                    {
                        "in": "path",
                        "name": "settlementId",
                        "required": true,
                        "type": "integer",
                        "description": "A valid settlement Id.\n"
                    },
                    {
                        "in": "path",
                        "name": "participantId",
                        "required": true,
                        "type": "integer",
                        "description": "A valid Participant Id.\n"
                    },
                    {
                        "in": "path",
                        "name": "accountId",
                        "required": true,
                        "type": "integer",
                        "description": "A valid Account Id.    \n"
                    }
                ],
                "tags": [
                    "settlementsBySettlementParticipantAccounts"
                ],
                "responses": {
                    "200": {
                        "description": "Settlement window(s) returned by the filtering parameters.",
                        "schema": {
                            "$ref": "#/definitions/Settlements"
                        }
                    },
                    "400": {
                        "description": "Bad request.",
                        "schema": {
                            "$ref": "#/definitions/ErrorCode400"
                        }
                    },
                    "401": {
                        "description": "Authorisation information is missing or invalid.",
                        "schema": {
                            "$ref": "#/definitions/ErrorCode401"
                        }
                    },
                    "404": {
                        "description": "No data found.",
                        "schema": {
                            "$ref": "#/definitions/ErrorCode404"
                        }
                    },
                    "415": {
                        "description": "Unsupported Media Type.",
                        "schema": {
                            "$ref": "#/definitions/ErrorCode415"
                        }
                    },
                    "default": {
                        "description": "Unexpected error",
                        "schema": {
                            "$ref": "#/definitions/Error"
                        }
                    }
                }
            },
            "put": {
                "produces": [
                    "application/json"
                ],
                "consumes": [
                    "application/json"
                ],
                "deprecated": false,
                "summary": "Acknowledegement of settlement by updating thereason and state by Settlements Id, Participant Id and accounts Id",
                "operationId": "updateSettlementBySettlementParticipantsAccounts",
                "parameters": [
                    {
                        "in": "path",
                        "name": "settlementId",
                        "description": "settlements Id",
                        "required": true,
                        "type": "integer"
                    },
                    {
                        "in": "path",
                        "name": "participantId",
                        "description": "participant Id",
                        "required": true,
                        "type": "integer"
                    },
                    {
                        "in": "path",
                        "name": "accountId",
                        "description": "accounts Id",
                        "required": true,
                        "type": "integer"
                    },
                    {
                        "in": "body",
                        "name": "settlementUpdatePayload",
                        "description": "A JSON object containing settlement update info.",
                        "schema": {
                            "$ref": "#/definitions/SettlementUpdateBySettlementParticipantsAccounts"
                        },
                        "required": true
                    }
                ],
                "tags": [
                    "updateSettlementBySettlementParticipantsAccounts"
                ],
                "responses": {
                    "200": {
                        "description": "Settlements updated.",
                        "schema": {
                            "$ref": "#/definitions/Settlements"
                        }
                    },
                    "400": {
                        "description": "Bad request.",
                        "schema": {
                            "$ref": "#/definitions/ErrorCode400"
                        }
                    },
                    "401": {
                        "description": "Authorisation information is missing or invalid.",
                        "schema": {
                            "$ref": "#/definitions/ErrorCode401"
                        }
                    },
                    "404": {
                        "description": "No data found.",
                        "schema": {
                            "$ref": "#/definitions/ErrorCode404"
                        }
                    },
                    "415": {
                        "description": "Unsupported Media Type.",
                        "schema": {
                            "$ref": "#/definitions/ErrorCode415"
                        }
                    },
                    "default": {
                        "description": "Unexpected error",
                        "schema": {
                            "$ref": "#/definitions/Error"
                        }
                    }
                }
            }
        },
        "/settlements/{Id}": {
            "get": {
                "produces": [
                    "application/json"
                ],
                "deprecated": false,
                "summary": "Returns Settlement(s) as per parameters/filter criteria.",
                "operationId": "getSettlementsBySettlementParticipantCurrency",
                "parameters": [
                    {
                        "in": "path",
                        "name": "Id",
                        "required": true,
                        "type": "integer",
                        "description": "A valid settlement Id.\n"
                    },
                    {
                        "in": "query",
                        "name": "currency",
                        "type": "string",
                        "description": "A valid currency code to query on.\n",
                        "required": false
                    },
                    {
                        "in": "query",
                        "name": "Id",
                        "type": "number",
                        "description": "A valid participant Id to query on.\n",
                        "required": false
                    }
                ],
                "tags": [
                    "settlementsBySettlementParticipantCurrency"
                ],
                "responses": {
                    "200": {
                        "description": "Settlement successfully returned by the filtering/Query parameters.",
                        "schema": {
                            "$ref": "#/definitions/Settlements"
                        }
                    },
                    "400": {
                        "description": "Bad request.",
                        "schema": {
                            "$ref": "#/definitions/ErrorCode400"
                        }
                    },
                    "401": {
                        "description": "Authorisation information is missing or invalid.",
                        "schema": {
                            "$ref": "#/definitions/ErrorCode401"
                        }
                    },
                    "404": {
                        "description": "No data found.",
                        "schema": {
                            "$ref": "#/definitions/ErrorCode404"
                        }
                    },
                    "415": {
                        "description": "Unsupported Media Type.",
                        "schema": {
                            "$ref": "#/definitions/ErrorCode415"
                        }
                    },
                    "default": {
                        "description": "Unexpected error",
                        "schema": {
                            "$ref": "#/definitions/Error"
                        }
                    }
                }
            },
            "put": {
                "produces": [
                    "application/json"
                ],
                "consumes": [
                    "application/json"
                ],
                "deprecated": false,
                "summary": "Acknowledegement of settlement by updating with Settlements Id.",
                "operationId": "updateSettlementBySettlementId",
                "parameters": [
                    {
                        "in": "path",
                        "name": "Id",
                        "description": "settlements Id",
                        "required": true,
                        "type": "integer"
                    },
                    {
                        "in": "body",
                        "name": "settlementUpdatePayload",
                        "description": "A JSON object containing settlement update info.",
                        "schema": {
                            "$ref": "#/definitions/SettlementUpdatebySettlementIdPayload"
                        },
                        "required": true
                    }
                ],
                "tags": [
                    "updateSettlementBySettlementId"
                ],
                "responses": {
                    "200": {
                        "description": "Settlements updated.",
                        "schema": {
                            "$ref": "#/definitions/Settlements"
                        }
                    },
                    "400": {
                        "description": "Bad request.",
                        "schema": {
                            "$ref": "#/definitions/ErrorCode400"
                        }
                    },
                    "401": {
                        "description": "Authorisation information is missing or invalid.",
                        "schema": {
                            "$ref": "#/definitions/ErrorCode401"
                        }
                    },
                    "404": {
                        "description": "No data found.",
                        "schema": {
                            "$ref": "#/definitions/ErrorCode404"
                        }
                    },
                    "415": {
                        "description": "Unsupported Media Type.",
                        "schema": {
                            "$ref": "#/definitions/ErrorCode415"
                        }
                    },
                    "default": {
                        "description": "Unexpected error",
                        "schema": {
                            "$ref": "#/definitions/Error"
                        }
                    }
                }
            }
        },
        "/settlements/{settlementId}/participants/{participantId}": {
            "put": {
                "produces": [
                    "application/json"
                ],
                "consumes": [
                    "application/json"
                ],
                "deprecated": false,
                "summary": "Acknowledegement of settlement by updating with Settlements Id and Participant Id.",
                "operationId": "updateSettlementBySettlementIdParticiapntId",
                "parameters": [
                    {
                        "in": "path",
                        "name": "settlementId",
                        "description": "settlements Id",
                        "required": true,
                        "type": "integer"
                    },
                    {
                        "in": "path",
                        "name": "participantId",
                        "description": "participant Id",
                        "required": true,
                        "type": "integer"
                    },
                    {
                        "in": "body",
                        "name": "settlementUpdatePayload",
                        "description": "A JSON object containing settlement update info.",
                        "schema": {
                            "$ref": "#/definitions/SettlementUpdateBySettlementIDPartricipantIdPayload"
                        },
                        "required": true
                    }
                ],
                "tags": [
                    "updateSettlementBySettlementIdParticipantId"
                ],
                "responses": {
                    "200": {
                        "description": "Settlements updated.",
                        "schema": {
                            "$ref": "#/definitions/Settlements"
                        }
                    },
                    "400": {
                        "description": "Bad request.",
                        "schema": {
                            "$ref": "#/definitions/ErrorCode400"
                        }
                    },
                    "401": {
                        "description": "Authorisation information is missing or invalid.",
                        "schema": {
                            "$ref": "#/definitions/ErrorCode401"
                        }
                    },
                    "404": {
                        "description": "No data found.",
                        "schema": {
                            "$ref": "#/definitions/ErrorCode404"
                        }
                    },
                    "415": {
                        "description": "Unsupported Media Type.",
                        "schema": {
                            "$ref": "#/definitions/ErrorCode415"
                        }
                    },
                    "default": {
                        "description": "Unexpected error",
                        "schema": {
                            "$ref": "#/definitions/Error"
                        }
                    }
                }
            }
        }
    },
    "definitions": {
        "SettlementUpdateBySettlementParticipants": {
            "type": "array",
            "items": {
                "$ref": "#/definitions/Accounts"
            }
        },
        "SettlementUpdatebySettlementIdPayload": {
            "type": "object",
            "properties": {
                "participants": {
                    "type": "array",
                    "items": {
                        "$ref": "#/definitions/SettlementUpdateBySettlementIDOuterPayload"
                    }
                }
            }
        },
        "SettlementUpdateBySettlementIDOuterPayload": {
            "type": "object",
            "properties": {
                "id": {
                    "type": "integer",
                    "description": "Participant Id"
                },
                "accounts": {
                    "type": "array",
                    "items": {
                        "$ref": "#/definitions/SettlementUpdateBySettlementIDInnerPayload"
                    }
                }
            }
        },
        "SettlementUpdateBySettlementIDInnerPayload": {
            "type": "object",
            "properties": {
                "id": {
                    "type": "integer",
                    "description": "A uuid."
                },
                "reference": {
                    "type": "string",
                    "example": "motivation for closure"
                },
                "state": {
                    "type": "string",
                    "example": "closed."
                }
            }
        },
        "SettlementUpdateBySettlementIDPartricipantIdPayload": {
            "type": "object",
            "properties": {
                "accounts": {
                    "type": "array",
                    "items": {
                        "$ref": "#/definitions/SettlementUpdateBySettlementIDInnerPayload"
                    }
                }
            }
        },
        "Accounts": {
            "type": "object",
            "properties": {
                "id": {
                    "description": "Paricipant Currency Id",
                    "type": "string"
                },
                "netSettlementAmount": {
                    "$ref": "#/definitions/netSettlementAmount"
                },
                "state": {
                    "type": "string",
                    "example": "PENDING-SETTLEMENT"
                }
            }
        },
        "SettlementWindowClosurePayload": {
            "type": "object",
            "properties": {
                "state": {
                    "type": "string",
                    "example": "closed"
                },
                "reference": {
                    "type": "string",
                    "example": "motivation for closure."
                }
            },
            "required": [
                "state",
                "reference"
            ]
        },
        "SettlementUpdateBySettlementParticipantsAccounts": {
            "type": "object",
            "properties": {
                "state": {
                    "type": "string",
                    "example": "closed"
                },
                "reference": {
                    "type": "string",
                    "example": "motivation for closure"
                }
            },
            "required": [
                "state",
                "reference"
            ]
        },
        "SettlementWindow": {
            "type": "object",
            "properties": {
                "settlementWindowId": {
                    "type": "integer"
                },
                "state": {
                    "type": "string"
                },
                "createdDate": {
                    "type": "string"
                },
                "changedDate": {
                    "type": "string"
                },
                "settlementWindowReason": {
                    "type": "string"
                }
            },
            "required": [
                "settlementWindowId",
                "state",
                "createdDate"
            ]
        },
        "SettlementWindows": {
            "type": "array",
            "items": {
                "$ref": "#/definitions/SettlementWindow"
            }
        },
        "netSettlementAmount": {
            "type": "object",
            "properties": {
                "amount": {
                    "type": "number"
                },
                "currency": {
                    "type": "string"
                }
            }
        },
        "Participant": {
            "type": "object",
            "properties": {
                "participantId": {
                    "type": "integer"
                },
                "accounts": {
                    "type": "array",
                    "items": {
                        "$ref": "#/definitions/Accounts"
                    }
                }
            }
        },
        "SettledParticipant": {
            "type": "object",
            "properties": {
                "participantId": {
                    "type": "integer"
                },
                "confirmationReference": {
                    "type": "string"
                }
            }
        },
        "Settlements": {
            "type": "array",
            "items": {
                "$ref": "#/definitions/Settlement"
            }
        },
        "Settlement": {
            "type": "object",
            "properties": {
                "Id": {
                    "type": "integer"
                },
                "State": {
                    "type": "string"
                },
                "settlementWindows": {
                    "type": "array",
                    "items": {
                        "$ref": "#/definitions/SettlementWindows"
                    }
                },
                "Participants": {
                    "type": "array",
                    "items": {
                        "$ref": "#/definitions/Participant"
                    }
                }
            }
        },
        "SettlementEventPayload": {
            "type": "object",
            "properties": {
                "settlementId": {
                    "type": "integer"
                },
                "reason": {
                    "type": "string"
                },
                "settlementWindows": {
                    "type": "array",
                    "items": {
                        "$ref": "#/definitions/SettlementWindow"
                    }
                }
            }
        },
        "SettlementAckResponse": {
            "type": "object",
            "properties": {
                "settledParticipants": {
                    "type": "array",
                    "items": {
                        "$ref": "#/definitions/SettledParticipant"
                    }
                }
            }
        },
        "ErrorCode400": {
            "required": [
                "status",
                "code",
                "message"
            ],
            "properties": {
                "status": {
                    "type": "integer"
                },
                "code": {
                    "type": "string",
                    "enum": [
                        400
                    ]
                },
                "message": {
                    "type": "string"
                }
            }
        },
        "ErrorCode401": {
            "required": [
                "status",
                "code",
                "message"
            ],
            "properties": {
                "status": {
                    "type": "integer"
                },
                "code": {
                    "type": "string",
                    "enum": [
                        401
                    ]
                },
                "message": {
                    "type": "string"
                }
            }
        },
        "ErrorCode404": {
            "required": [
                "status",
                "code",
                "message"
            ],
            "properties": {
                "status": {
                    "type": "integer"
                },
                "code": {
                    "type": "string",
                    "enum": [
                        404
                    ]
                },
                "message": {
                    "type": "string"
                }
            }
        },
        "ErrorCode415": {
            "required": [
                "status",
                "code",
                "message"
            ],
            "properties": {
                "status": {
                    "type": "integer"
                },
                "code": {
                    "type": "string",
                    "enum": [
                        415
                    ]
                },
                "message": {
                    "type": "string"
                }
            }
        },
        "Error": {
            "required": [
                "status",
                "code",
                "message"
            ],
            "properties": {
                "status": {
                    "type": "integer"
                },
                "code": {
                    "type": "string",
                    "enum": [
                        "MISSING_REQUIRED_PARAMETER",
                        "INVALID_INPUT",
                        "OTHER"
                    ]
                },
                "message": {
                    "type": "string"
                }
            }
        }
    }
}